JavaScript,539
HTML5,528
CSS 3,528
Python,229
TypeScript,226
Node.js,194
GraphQL,136
PHP,135
Java,133
Ruby,126
Ruby on Rails,111
Go,108
Bootstrap,90
Next.js,84
Swift,79
Kotlin,77
ES6,76
React Native,57
Linux,54
ExpressJS,53
Objective-C,45
Django,42
C++,41
Sass,40
Scala,39
C#,38
SQL,35
Ubuntu,31
Rust,31
R Language,30
Flask,30
Backbone.js,26
.NET,25
Tailwind CSS,24
C,23
Laravel,21
Solidity,20
Spring,18
Ember.js,17
Less,16
Elixir,16
Handlebars.js,15
Android SDK,13
Nuxt.js,13
Spring Boot,12
Electron,11
gRPC,11
fancybox,11
Flutter,10
Phoenix Framework,9
PowerShell,9
Foundation,9
Material-UI,8
Markdown,8
Perl,7
RxSwift,7
Chakra UI,7
UIkIt,7
CoffeeScript,7
Yii,7
Shell,7
CentOS,6
ASP.NET,6
JSON,6
FastAPI,6
MATLAB,5
RxJava,5
.NET Core,5
Ionic,5
Sinatra,4
macOS,4
Debian,4
Lua,4
Protobuf,4
NestJS,4
Haskell,4
Capacitor,4
Xamarin,4
iOS,4
Unity,4
Dart,4
Flow,3
Materialize,3
Expo,3
Android OS,3
Meteor,3
Django REST framework,3
Elm,3
three.js,3
AIOHTTP,3
Unreal Engine,3
Play,3
PostCSS,3
Groovy,3
Windows,3
Micronaut Framework,2
Cocoa Touch,2
Marionette,2
WebAssembly,2
Semantic UI,2
CSS Modules,2
Avro,2
Vuetify,2
Dropwizard,2
Prisma,2
Lightning Web Components,2
HAML,2
Clojure,2
RxJS,2
CodeIgniter,2
Symfony,2
Phalcon,1
Quarkus,1
Akka,1
ClojureScript,1
Rails API,1
Spring MVC,1
Erlang,1
ReasonML,1
OCaml,1
ReScript,1
Dhall Language,1
Red Hat Enterprise Linux,1
Arch Linux,1
Kali Linux,1
Nimble,1
Apache Arrow,1
guava,1
Jackson,1
Jersey,1
Core Data,1
tachyons,1
Bulma,1
Graphene,1
Select2,1
Spring Framework,1
Animate.css,1
Sails.js,1
PhoneGap,1
Liquid,1
Microsoft DirectX,1
PureScript,1
Material Design for Angular,1
Web Components,1
Guice,1
Kotlin/Native,1
Serverless AppSync,1
React Spectrum,1
Jinja,1
ent,1
Tailwindcss JIT,1
FileMaker,1
Pyramid,1
Windows Server,1
Crystal,1
PostGraphile,1
Jsonnet,1
Beego,1
F#,1
REST Assured,1
Amazon FreeRTOS,1
Material Design for Bootstrap,1
React Storybook,1
StimulusReflex,1
Catalyst,1
Grails,1
asyncio,1
Zend Framework,1
Slim,1
TypeORM,1
